<?xml version="1.0" encoding="UTF-8"?>
<CATALOG id="CATALOG-A">
<!-- 2017-01-19 -->
	<Plant id="01">
		<Common>Wake Robin</Common>
		<Botanical>Trillium grandiflorum</Botanical>
		<Zone>5</Zone>
		<Light>Sun or Shade</Light>
		<Price>3.20</Price>
		<Availability>022199</Availability>
	</Plant>
	<Plant id="02">
		<Common>California Poppy</Common>
		<Botanical>Eschscholzia californica</Botanical>
		<Zone>Annual</Zone>
		<Light>Sun</Light>
		<Price>7.89</Price>
		<Availability>032799</Availability>
	</Plant>
	<Plant id="03">
		<Common>Shooting Star</Common>
		<Botanical>Dodecatheon</Botanical>
		<Zone>Annual</Zone>
		<Light>Mostly Shady</Light>
		<Price>8.60</Price>
		<Availability>051399</Availability>
	</Plant>
	<Plant id="04">
		<Common>Spring-Beauty</Common>
		<Botanical>Claytonia Virginica</Botanical>
		<Zone>7</Zone>
		<Light>Mostly Shady</Light>
		<Price>6.59</Price>
		<Availability>020199</Availability>
	</Plant>
	<Plant id="05">
		<Common>Cardinal Flower</Common>
		<Botanical>Lobelia cardinalis</Botanical>
		<Zone>2</Zone>
		<Light>Shade</Light>
		<Price>3.02</Price>
		<Availability>022299</Availability>
	</Plant>
</CATALOG>
